{"schemaVersion":"1.0","appDefinitionTemplate":{"id":"/providers/Microsoft.PowerApps/apps/","type":"Microsoft.PowerApps/apps","tags":{"primaryDeviceWidth":"640","primaryDeviceHeight":"1136","sienaVersion":"20200711T105611Z-3.20063.13.0","deviceCapabilities":"","supportsPortrait":"true","supportsLandscape":"false","primaryFormFactor":"Phone","publisherVersion":"3.20063.13","minimumRequiredApiVersion":"2.2.0","hasComponent":"false","hasUnlockedComponent":"false","isUnifiedRootApp":"false"},"properties":{"appVersion":"2020-07-11T10:56:11Z","lifeCycleId":"Published","createdByClientVersion":{"major":3,"minor":20063,"build":13,"revision":0,"majorRevision":0,"minorRevision":0},"minClientVersion":{"major":3,"minor":20063,"build":13,"revision":0,"majorRevision":0,"minorRevision":0},"backgroundColor":"rgba(0, 176, 240, 1)","backgroundImageUri":"/8080270023181358738/N0fd32dda-3513-4273-8e8e-d6586d4d59a3-logoSmallFile","displayName":"Product Information","description":"","commitMessage":"","appUris":{"documentUri":{"value":"/8080270023181358738/N4e3a8bfd-4b2b-4cad-afad-64e982778a5b-document.msapp"},"imageUris":[]},"createdTime":"0001-01-01T00:00:00Z","lastModifiedTime":"0001-01-01T00:00:00Z","sharedGroupsCount":0,"sharedUsersCount":0,"icons":{"smallIconUri":"/8080270023181358738/Ne3d1d9f7-76d1-47ab-b7ba-e9829ee7f13d-small.png","mediumIconUri":"/8080270023181358738/N0da05819-9f47-4fef-8786-f87faef686ed-medium.png","largeIconUri":"/8080270023181358738/Nb4279aea-dd04-4edf-8f11-a018c32137fb-large.png","wideIconUri":"/8080270023181358738/N767c3818-605b-44d9-a2e4-ac41b67d3367-wide.png"},"connectionReferences":{"31dc4852-ab62-4a13-958f-053759e06b3a":{"id":"36cec6ff-482a-4715-8e04-63890ce12571","displayName":"Dynamics 365","iconUri":"https://connectoricons-prod.azureedge.net/dynamicscrmonline/icon_1.0.1355.2023.png","dataSources":["Feedbacks"],"dependencies":[],"dependents":[],"parameterHints":{},"isOnPremiseConnection":false,"dataSets":{"org47798069.crm":{"dataSources":{"Feedbacks":{"tableName":"new_feedbacks"}}}},"apiTier":"Premium","isCustomApiConnection":false}},"authorizationReferences":[{"resourceId":"microsoftstream"}],"databaseReferences":{},"almMode":"Environment","performanceOptimizationEnabled":true,"canConsumeAppPass":true,"executionRestrictions":{"isTeamsOnly":false,"dataLossPreventionEvaluationResult":{"status":"Compliant","lastEvaluationDate":"2020-10-29T01:02:10.0963502Z","violationDetails":[]}}},"isAppComponentLibrary":false,"appType":"ClassicCanvasApp","appComponents":[]}}